{"COM":"COM11","jogScale":100,"referencePosition":[-6960.8000000000002,-3850.6999999999998,11221.200000000001],"savedPoints":[]}
